k,n,o,b,s
1.0,0.9176509858157853,0.46573883126529386,1.8844903250486844,0.49999999999999983
2.0,0.03474111493141962,0.034680169000839325,1.775651892601048,0.12499999999999992
3.0,0.00390908233357456,0.003908691150051394,1.1153996040870202,0.02083333333333331
4.0,0.00018442386919325534,0.00018438808646742706,0.5254899406162806,0.002604166666666663
5.0,7.19587152586707e-05,7.195857677263966e-05,0.19805614180035774,0.00026041666666666623
6.0,4.664565060579384e-06,4.6644589375522015e-06,0.06220581383987408,2.1701388888888846e-05
7.0,8.557843921359006e-07,8.557797422970166e-07,0.016746607763288894,1.5500992063492027e-06
8.0,1.4304872917400364e-07,1.4304845420401644e-07,0.0039448525384128885,9.688120039682515e-08
9.0,4.948142247753676e-09,4.946299436369718e-09,0.000826004049153648,5.382288910934728e-09
10.0,2.5186414591467113e-09,2.518637574303611e-09,0.00015565966390810877,2.691144455467363e-10
11.0,1.994607746968727e-10,1.99458599223538e-10,2.666719369410553e-05,1.223247479757892e-11
12.0,2.698015508518408e-11,2.6979910484175547e-11,4.1878390427284305e-06,5.096864498991215e-13
13.0,5.370770472382027e-12,5.370761844776095e-12,6.070724737602208e-07,1.960332499612005e-14
14.0,1.7108471608764315e-13,1.7101036822635626e-13,8.171587167175054e-08,7.001187498614301e-16
15.0,8.707760922419893e-14,8.70774524982444e-14,1.0266184637888917e-08,2.3337291662047662e-17
16.0,8.23898681291115e-15,8.238935329081091e-15,1.2091578515790683e-09,7.292903644389893e-19
17.0,8.252373714693237e-16,8.252231155658895e-16,1.340380160445534e-10,2.1449716601146735e-20
18.0,1.9847181881046187e-16,1.9847153367952257e-16,1.4032963579148955e-11,5.958254611429646e-22
19.0,7.367391127429993e-18,7.365839263616581e-18,1.3918412682456191e-12,1.5679617398499064e-23
20.0,2.961186498970486e-18,2.9611798523958622e-18,1.31145570200618e-13,3.919904349624765e-25
